path,directory,filename,width,height,size
/home/carol/shared/rna-cnn/dataset-antigo/originais/ameloblastoma/16AA008.png,ameloblastoma,16AA008.png,72,58,72x58
/home/carol/shared/rna-cnn/dataset-antigo/originais/ameloblastoma/13AA097.png,ameloblastoma,13AA097.png,194,268,194x268
/home/carol/shared/rna-cnn/dataset-antigo/originais/ameloblastoma/13AA101.png,ameloblastoma,13AA101.png,194,268,194x268
/home/carol/shared/rna-cnn/dataset-antigo/originais/ameloblastoma/14AA017.png,ameloblastoma,14AA017.png,352,270,352x270
/home/carol/shared/rna-cnn/dataset-antigo/originais/ameloblastoma/13AA093.png,ameloblastoma,13AA093.png,194,268,194x268
/home/carol/shared/rna-cnn/dataset-antigo/originais/ameloblastoma/21AA056.png,ameloblastoma,21AA056.png,434,346,434x346
/home/carol/shared/rna-cnn/dataset-antigo/originais/ameloblastoma/21AA065.png,ameloblastoma,21AA065.png,240,238,240x238
/home/carol/shared/rna-cnn/dataset-antigo/originais/ameloblastoma/21AA036.png,ameloblastoma,21AA036.png,355,390,355x390
/home/carol/shared/rna-cnn/dataset-antigo/originais/ameloblastoma/21AA059.png,ameloblastoma,21AA059.png,358,294,358x294
/home/carol/shared/rna-cnn/dataset-antigo/originais/ameloblastoma/21AA026.png,ameloblastoma,21AA026.png,302,376,302x376
/home/carol/shared/rna-cnn/dataset-antigo/originais/ameloblastoma/13AA044.png,ameloblastoma,13AA044.png,192,314,192x314
/home/carol/shared/rna-cnn/dataset-antigo/originais/ameloblastoma/13AA036.png,ameloblastoma,13AA036.png,108,178,108x178
/home/carol/shared/rna-cnn/dataset-antigo/originais/ameloblastoma/14AA001.png,ameloblastoma,14AA001.png,104,100,104x100
/home/carol/shared/rna-cnn/dataset-antigo/originais/ameloblastoma/13AA084.png,ameloblastoma,13AA084.png,268,322,268x322
/home/carol/shared/rna-cnn/dataset-antigo/originais/ameloblastoma/21AA017.png,ameloblastoma,21AA017.png,256,324,256x324
/home/carol/shared/rna-cnn/dataset-antigo/originais/ameloblastoma/13AA071.png,ameloblastoma,13AA071.png,300,408,300x408
/home/carol/shared/rna-cnn/dataset-antigo/originais/ameloblastoma/13AA033.png,ameloblastoma,13AA033.png,88,114,88x114
/home/carol/shared/rna-cnn/dataset-antigo/originais/ameloblastoma/16AA013.png,ameloblastoma,16AA013.png,108,94,108x94
/home/carol/shared/rna-cnn/dataset-antigo/originais/ameloblastoma/13AA016.png,ameloblastoma,13AA016.png,172,214,172x214
/home/carol/shared/rna-cnn/dataset-antigo/originais/ameloblastoma/16AA012.png,ameloblastoma,16AA012.png,104,88,104x88
/home/carol/shared/rna-cnn/dataset-antigo/originais/ameloblastoma/13AA078.png,ameloblastoma,13AA078.png,278,334,278x334
/home/carol/shared/rna-cnn/dataset-antigo/originais/ameloblastoma/20AA015.png,ameloblastoma,20AA015.png,146,180,146x180
/home/carol/shared/rna-cnn/dataset-antigo/originais/ameloblastoma/21AA055.png,ameloblastoma,21AA055.png,442,362,442x362
/home/carol/shared/rna-cnn/dataset-antigo/originais/ameloblastoma/21AA034.png,ameloblastoma,21AA034.png,355,390,355x390
/home/carol/shared/rna-cnn/dataset-antigo/originais/ameloblastoma/14AA036.png,ameloblastoma,14AA036.png,174,212,174x212
/home/carol/shared/rna-cnn/dataset-antigo/originais/ameloblastoma/22AA020.png,ameloblastoma,22AA020.png,170,198,170x198
/home/carol/shared/rna-cnn/dataset-antigo/originais/ameloblastoma/21AA029.png,ameloblastoma,21AA029.png,302,352,302x352
/home/carol/shared/rna-cnn/dataset-antigo/originais/ameloblastoma/13AA024.png,ameloblastoma,13AA024.png,136,160,136x160
/home/carol/shared/rna-cnn/dataset-antigo/originais/ameloblastoma/21AA025.png,ameloblastoma,21AA025.png,278,342,278x342
/home/carol/shared/rna-cnn/dataset-antigo/originais/ameloblastoma/13AA072.png,ameloblastoma,13AA072.png,300,408,300x408
/home/carol/shared/rna-cnn/dataset-antigo/originais/ameloblastoma/21AA049.png,ameloblastoma,21AA049.png,456,396,456x396
/home/carol/shared/rna-cnn/dataset-antigo/originais/ameloblastoma/21AA037.png,ameloblastoma,21AA037.png,355,390,355x390
/home/carol/shared/rna-cnn/dataset-antigo/originais/ameloblastoma/21AA032.png,ameloblastoma,21AA032.png,348,416,348x416
/home/carol/shared/rna-cnn/dataset-antigo/originais/ameloblastoma/21AA008.png,ameloblastoma,21AA008.png,224,250,224x250
/home/carol/shared/rna-cnn/dataset-antigo/originais/ameloblastoma/14AA010.png,ameloblastoma,14AA010.png,314,200,314x200
/home/carol/shared/rna-cnn/dataset-antigo/originais/ameloblastoma/13AA086.png,ameloblastoma,13AA086.png,230,278,230x278
/home/carol/shared/rna-cnn/dataset-antigo/originais/ameloblastoma/13AA054.png,ameloblastoma,13AA054.png,268,386,268x386
/home/carol/shared/rna-cnn/dataset-antigo/originais/ameloblastoma/21AA006.png,ameloblastoma,21AA006.png,208,214,208x214
/home/carol/shared/rna-cnn/dataset-antigo/originais/ameloblastoma/13AA080.png,ameloblastoma,13AA080.png,278,334,278x334
/home/carol/shared/rna-cnn/dataset-antigo/originais/ameloblastoma/22AA004.png,ameloblastoma,22AA004.png,152,146,152x146
/home/carol/shared/rna-cnn/dataset-antigo/originais/ameloblastoma/13AA094.png,ameloblastoma,13AA094.png,194,268,194x268
/home/carol/shared/rna-cnn/dataset-antigo/originais/ameloblastoma/21AA003.png,ameloblastoma,21AA003.png,174,192,174x192
/home/carol/shared/rna-cnn/dataset-antigo/originais/ameloblastoma/14AA021.png,ameloblastoma,14AA021.png,362,278,362x278
/home/carol/shared/rna-cnn/dataset-antigo/originais/ameloblastoma/16AA003.png,ameloblastoma,16AA003.png,120,80,120x80
/home/carol/shared/rna-cnn/dataset-antigo/originais/ameloblastoma/16AA010.png,ameloblastoma,16AA010.png,100,80,100x80
/home/carol/shared/rna-cnn/dataset-antigo/originais/ameloblastoma/20AA020.png,ameloblastoma,20AA020.png,144,180,144x180
/home/carol/shared/rna-cnn/dataset-antigo/originais/ameloblastoma/21AA041.png,ameloblastoma,21AA041.png,342,390,342x390
/home/carol/shared/rna-cnn/dataset-antigo/originais/ameloblastoma/13AA021.png,ameloblastoma,13AA021.png,142,170,142x170
/home/carol/shared/rna-cnn/dataset-antigo/originais/ameloblastoma/21AA045.png,ameloblastoma,21AA045.png,342,390,342x390
/home/carol/shared/rna-cnn/dataset-antigo/originais/ameloblastoma/13AA067.png,ameloblastoma,13AA067.png,284,408,284x408
/home/carol/shared/rna-cnn/dataset-antigo/originais/ameloblastoma/13AA096.png,ameloblastoma,13AA096.png,194,268,194x268
/home/carol/shared/rna-cnn/dataset-antigo/originais/ameloblastoma/13AA034.png,ameloblastoma,13AA034.png,76,98,76x98
/home/carol/shared/rna-cnn/dataset-antigo/originais/ameloblastoma/13AA006.png,ameloblastoma,13AA006.png,186,244,186x244
/home/carol/shared/rna-cnn/dataset-antigo/originais/ameloblastoma/21AA004.png,ameloblastoma,21AA004.png,180,198,180x198
/home/carol/shared/rna-cnn/dataset-antigo/originais/ameloblastoma/22AA019.png,ameloblastoma,22AA019.png,180,206,180x206
/home/carol/shared/rna-cnn/dataset-antigo/originais/ameloblastoma/20AA024.png,ameloblastoma,20AA024.png,118,176,118x176
/home/carol/shared/rna-cnn/dataset-antigo/originais/ameloblastoma/22AA009.png,ameloblastoma,22AA009.png,168,148,168x148
/home/carol/shared/rna-cnn/dataset-antigo/originais/ameloblastoma/22AA002.png,ameloblastoma,22AA002.png,126,98,126x98
/home/carol/shared/rna-cnn/dataset-antigo/originais/ameloblastoma/21AA070.png,ameloblastoma,21AA070.png,176,126,176x126
/home/carol/shared/rna-cnn/dataset-antigo/originais/ameloblastoma/14AA003.png,ameloblastoma,14AA003.png,128,114,128x114
/home/carol/shared/rna-cnn/dataset-antigo/originais/ameloblastoma/21AA028.png,ameloblastoma,21AA028.png,302,376,302x376
/home/carol/shared/rna-cnn/dataset-antigo/originais/ameloblastoma/20AA003.png,ameloblastoma,20AA003.png,158,206,158x206
/home/carol/shared/rna-cnn/dataset-antigo/originais/ameloblastoma/21AA057.png,ameloblastoma,21AA057.png,434,346,434x346
/home/carol/shared/rna-cnn/dataset-antigo/originais/ameloblastoma/14AA023.png,ameloblastoma,14AA023.png,362,278,362x278
/home/carol/shared/rna-cnn/dataset-antigo/originais/ameloblastoma/20AA007.png,ameloblastoma,20AA007.png,158,206,158x206
/home/carol/shared/rna-cnn/dataset-antigo/originais/ameloblastoma/21AA015.png,ameloblastoma,21AA015.png,256,324,256x324
/home/carol/shared/rna-cnn/dataset-antigo/originais/ameloblastoma/21AA064.png,ameloblastoma,21AA064.png,258,260,258x260
/home/carol/shared/rna-cnn/dataset-antigo/originais/ameloblastoma/13AA026.png,ameloblastoma,13AA026.png,136,160,136x160
/home/carol/shared/rna-cnn/dataset-antigo/originais/ameloblastoma/20AA016.png,ameloblastoma,20AA016.png,154,124,154x124
/home/carol/shared/rna-cnn/dataset-antigo/originais/ameloblastoma/22AA016.png,ameloblastoma,22AA016.png,186,206,186x206
/home/carol/shared/rna-cnn/dataset-antigo/originais/ameloblastoma/22AA008.png,ameloblastoma,22AA008.png,168,148,168x148
/home/carol/shared/rna-cnn/dataset-antigo/originais/ameloblastoma/21AA073.png,ameloblastoma,21AA073.png,136,112,136x112
/home/carol/shared/rna-cnn/dataset-antigo/originais/ameloblastoma/21AA051.png,ameloblastoma,21AA051.png,456,378,456x378
/home/carol/shared/rna-cnn/dataset-antigo/originais/ameloblastoma/21AA009.png,ameloblastoma,21AA009.png,224,250,224x250
/home/carol/shared/rna-cnn/dataset-antigo/originais/ameloblastoma/21AA007.png,ameloblastoma,21AA007.png,208,214,208x214
/home/carol/shared/rna-cnn/dataset-antigo/originais/ameloblastoma/20AA013.png,ameloblastoma,20AA013.png,146,200,146x200
/home/carol/shared/rna-cnn/dataset-antigo/originais/ameloblastoma/21AA001.png,ameloblastoma,21AA001.png,172,138,172x138
/home/carol/shared/rna-cnn/dataset-antigo/originais/ameloblastoma/20AA019.png,ameloblastoma,20AA019.png,144,180,144x180
/home/carol/shared/rna-cnn/dataset-antigo/originais/ameloblastoma/16AA004.png,ameloblastoma,16AA004.png,120,80,120x80
/home/carol/shared/rna-cnn/dataset-antigo/originais/ameloblastoma/22AA022.png,ameloblastoma,22AA022.png,164,198,164x198
/home/carol/shared/rna-cnn/dataset-antigo/originais/ameloblastoma/20AA012.png,ameloblastoma,20AA012.png,146,200,146x200
/home/carol/shared/rna-cnn/dataset-antigo/originais/ameloblastoma/13AA053.png,ameloblastoma,13AA053.png,268,386,268x386
/home/carol/shared/rna-cnn/dataset-antigo/originais/ameloblastoma/21AA046.png,ameloblastoma,21AA046.png,464,404,464x404
/home/carol/shared/rna-cnn/dataset-antigo/originais/ameloblastoma/14AA006.png,ameloblastoma,14AA006.png,258,170,258x170
/home/carol/shared/rna-cnn/dataset-antigo/originais/ameloblastoma/13AA082.png,ameloblastoma,13AA082.png,268,322,268x322
/home/carol/shared/rna-cnn/dataset-antigo/originais/ameloblastoma/13AA011.png,ameloblastoma,13AA011.png,186,244,186x244
/home/carol/shared/rna-cnn/dataset-antigo/originais/ameloblastoma/13AA002.png,ameloblastoma,13AA002.png,188,252,188x252
/home/carol/shared/rna-cnn/dataset-antigo/originais/ameloblastoma/13AA047.png,ameloblastoma,13AA047.png,214,346,214x346
/home/carol/shared/rna-cnn/dataset-antigo/originais/ameloblastoma/21AA071.png,ameloblastoma,21AA071.png,176,126,176x126
/home/carol/shared/rna-cnn/dataset-antigo/originais/ameloblastoma/13AA038.png,ameloblastoma,13AA038.png,142,224,142x224
/home/carol/shared/rna-cnn/dataset-antigo/originais/ameloblastoma/20AA023.png,ameloblastoma,20AA023.png,136,178,136x178
/home/carol/shared/rna-cnn/dataset-antigo/originais/ameloblastoma/21AA016.png,ameloblastoma,21AA016.png,256,324,256x324
/home/carol/shared/rna-cnn/dataset-antigo/originais/ameloblastoma/14AA034.png,ameloblastoma,14AA034.png,220,220,220x220
/home/carol/shared/rna-cnn/dataset-antigo/originais/ameloblastoma/13AA001.png,ameloblastoma,13AA001.png,284,408,284x408
/home/carol/shared/rna-cnn/dataset-antigo/originais/ameloblastoma/21AA063.png,ameloblastoma,21AA063.png,270,270,270x270
/home/carol/shared/rna-cnn/dataset-antigo/originais/ameloblastoma/21AA005.png,ameloblastoma,21AA005.png,192,212,192x212
/home/carol/shared/rna-cnn/dataset-antigo/originais/ameloblastoma/13AA095.png,ameloblastoma,13AA095.png,194,268,194x268
/home/carol/shared/rna-cnn/dataset-antigo/originais/ameloblastoma/22AA017.png,ameloblastoma,22AA017.png,186,206,186x206
/home/carol/shared/rna-cnn/dataset-antigo/originais/ameloblastoma/20AA008.png,ameloblastoma,20AA008.png,158,206,158x206
/home/carol/shared/rna-cnn/dataset-antigo/originais/ameloblastoma/13AA051.png,ameloblastoma,13AA051.png,254,366,254x366
/home/carol/shared/rna-cnn/dataset-antigo/originais/ameloblastoma/14AA027.png,ameloblastoma,14AA027.png,332,270,332x270
/home/carol/shared/rna-cnn/dataset-antigo/originais/ameloblastoma/13AA092.png,ameloblastoma,13AA092.png,230,278,230x278
/home/carol/shared/rna-cnn/dataset-antigo/originais/ameloblastoma/21AA068.png,ameloblastoma,21AA068.png,202,160,202x160
/home/carol/shared/rna-cnn/dataset-antigo/originais/ameloblastoma/22AA010.png,ameloblastoma,22AA010.png,176,170,176x170
/home/carol/shared/rna-cnn/dataset-antigo/originais/ameloblastoma/13AA035.png,ameloblastoma,13AA035.png,108,158,108x158
/home/carol/shared/rna-cnn/dataset-antigo/originais/ameloblastoma/20AA005.png,ameloblastoma,20AA005.png,158,206,158x206
/home/carol/shared/rna-cnn/dataset-antigo/originais/ameloblastoma/13AA050.png,ameloblastoma,13AA050.png,254,366,254x366
/home/carol/shared/rna-cnn/dataset-antigo/originais/ameloblastoma/13AA052.png,ameloblastoma,13AA052.png,268,386,268x386
/home/carol/shared/rna-cnn/dataset-antigo/originais/ameloblastoma/13AA070.png,ameloblastoma,13AA070.png,300,408,300x408
/home/carol/shared/rna-cnn/dataset-antigo/originais/ameloblastoma/14AA008.png,ameloblastoma,14AA008.png,296,194,296x194
/home/carol/shared/rna-cnn/dataset-antigo/originais/ameloblastoma/13AA085.png,ameloblastoma,13AA085.png,230,306,230x306
/home/carol/shared/rna-cnn/dataset-antigo/originais/ameloblastoma/21AA050.png,ameloblastoma,21AA050.png,456,396,456x396
/home/carol/shared/rna-cnn/dataset-antigo/originais/ameloblastoma/20AA001.png,ameloblastoma,20AA001.png,158,206,158x206
/home/carol/shared/rna-cnn/dataset-antigo/originais/ameloblastoma/21AA076.png,ameloblastoma,21AA076.png,70,50,70x50
/home/carol/shared/rna-cnn/dataset-antigo/originais/ameloblastoma/14AA022.png,ameloblastoma,14AA022.png,362,278,362x278
/home/carol/shared/rna-cnn/dataset-antigo/originais/ameloblastoma/21AA010.png,ameloblastoma,21AA010.png,224,250,224x250
/home/carol/shared/rna-cnn/dataset-antigo/originais/ameloblastoma/15AA004.png,ameloblastoma,15AA004.png,154,92,154x92
/home/carol/shared/rna-cnn/dataset-antigo/originais/ameloblastoma/13AA031.png,ameloblastoma,13AA031.png,104,126,104x126
/home/carol/shared/rna-cnn/dataset-antigo/originais/ameloblastoma/20AA002.png,ameloblastoma,20AA002.png,158,206,158x206
/home/carol/shared/rna-cnn/dataset-antigo/originais/ameloblastoma/13AA039.png,ameloblastoma,13AA039.png,156,264,156x264
/home/carol/shared/rna-cnn/dataset-antigo/originais/ameloblastoma/21AA053.png,ameloblastoma,21AA053.png,460,376,460x376
/home/carol/shared/rna-cnn/dataset-antigo/originais/ameloblastoma/13AA029.png,ameloblastoma,13AA029.png,116,136,116x136
/home/carol/shared/rna-cnn/dataset-antigo/originais/ameloblastoma/13AA059.png,ameloblastoma,13AA059.png,284,408,284x408
/home/carol/shared/rna-cnn/dataset-antigo/originais/ameloblastoma/14AA037.png,ameloblastoma,14AA037.png,174,212,174x212
/home/carol/shared/rna-cnn/dataset-antigo/originais/ameloblastoma/13AA090.png,ameloblastoma,13AA090.png,230,278,230x278
/home/carol/shared/rna-cnn/dataset-antigo/originais/ameloblastoma/13AA022.png,ameloblastoma,13AA022.png,64,72,64x72
/home/carol/shared/rna-cnn/dataset-antigo/originais/ameloblastoma/20AA006.png,ameloblastoma,20AA006.png,158,206,158x206
/home/carol/shared/rna-cnn/dataset-antigo/originais/ameloblastoma/21AA033.png,ameloblastoma,21AA033.png,355,390,355x390
/home/carol/shared/rna-cnn/dataset-antigo/originais/ameloblastoma/22AA015.png,ameloblastoma,22AA015.png,186,206,186x206
/home/carol/shared/rna-cnn/dataset-antigo/originais/ameloblastoma/13AA003.png,ameloblastoma,13AA003.png,188,252,188x252
/home/carol/shared/rna-cnn/dataset-antigo/originais/ameloblastoma/13AA102.png,ameloblastoma,13AA102.png,188,252,188x252
/home/carol/shared/rna-cnn/dataset-antigo/originais/ameloblastoma/13AA049.png,ameloblastoma,13AA049.png,232,350,232x350
/home/carol/shared/rna-cnn/dataset-antigo/originais/ameloblastoma/20AA014.png,ameloblastoma,20AA014.png,146,200,146x200
/home/carol/shared/rna-cnn/dataset-antigo/originais/ameloblastoma/21AA054.png,ameloblastoma,21AA054.png,442,362,442x362
/home/carol/shared/rna-cnn/dataset-antigo/originais/ameloblastoma/13AA027.png,ameloblastoma,13AA027.png,124,160,124x160
/home/carol/shared/rna-cnn/dataset-antigo/originais/ameloblastoma/13AA013.png,ameloblastoma,13AA013.png,172,214,172x214
/home/carol/shared/rna-cnn/dataset-antigo/originais/ameloblastoma/13AA091.png,ameloblastoma,13AA091.png,230,278,230x278
/home/carol/shared/rna-cnn/dataset-antigo/originais/ameloblastoma/22AA014.png,ameloblastoma,22AA014.png,186,206,186x206
/home/carol/shared/rna-cnn/dataset-antigo/originais/ameloblastoma/22AA005.png,ameloblastoma,22AA005.png,152,146,152x146
/home/carol/shared/rna-cnn/dataset-antigo/originais/ameloblastoma/21AA020.png,ameloblastoma,21AA020.png,278,362,278x362
/home/carol/shared/rna-cnn/dataset-antigo/originais/ameloblastoma/16AA002.png,ameloblastoma,16AA002.png,120,94,120x94
/home/carol/shared/rna-cnn/dataset-antigo/originais/ameloblastoma/14AA005.png,ameloblastoma,14AA005.png,214,158,214x158
/home/carol/shared/rna-cnn/dataset-antigo/originais/ameloblastoma/21AA012.png,ameloblastoma,21AA012.png,234,286,234x286
/home/carol/shared/rna-cnn/dataset-antigo/originais/ameloblastoma/14AA007.png,ameloblastoma,14AA007.png,258,170,258x170
/home/carol/shared/rna-cnn/dataset-antigo/originais/ameloblastoma/13AA023.png,ameloblastoma,13AA023.png,136,160,136x160
/home/carol/shared/rna-cnn/dataset-antigo/originais/ameloblastoma/16AA007.png,ameloblastoma,16AA007.png,120,80,120x80
/home/carol/shared/rna-cnn/dataset-antigo/originais/ameloblastoma/21AA066.png,ameloblastoma,21AA066.png,220,202,220x202
/home/carol/shared/rna-cnn/dataset-antigo/originais/ameloblastoma/14AA038.png,ameloblastoma,14AA038.png,358,262,358x262
/home/carol/shared/rna-cnn/dataset-antigo/originais/ameloblastoma/21AA039.png,ameloblastoma,21AA039.png,342,390,342x390
/home/carol/shared/rna-cnn/dataset-antigo/originais/ameloblastoma/22AA003.png,ameloblastoma,22AA003.png,152,146,152x146
/home/carol/shared/rna-cnn/dataset-antigo/originais/ameloblastoma/13AA066.png,ameloblastoma,13AA066.png,284,408,284x408
/home/carol/shared/rna-cnn/dataset-antigo/originais/ameloblastoma/21AA030.png,ameloblastoma,21AA030.png,332,416,332x416
/home/carol/shared/rna-cnn/dataset-antigo/originais/ameloblastoma/14AA032.png,ameloblastoma,14AA032.png,278,260,278x260
/home/carol/shared/rna-cnn/dataset-antigo/originais/ameloblastoma/13AA058.png,ameloblastoma,13AA058.png,284,408,284x408
/home/carol/shared/rna-cnn/dataset-antigo/originais/ameloblastoma/21AA019.png,ameloblastoma,21AA019.png,278,362,278x362
/home/carol/shared/rna-cnn/dataset-antigo/originais/ameloblastoma/13AA012.png,ameloblastoma,13AA012.png,172,214,172x214
/home/carol/shared/rna-cnn/dataset-antigo/originais/ameloblastoma/20AA009.png,ameloblastoma,20AA009.png,158,206,158x206
/home/carol/shared/rna-cnn/dataset-antigo/originais/ameloblastoma/13AA043.png,ameloblastoma,13AA043.png,192,314,192x314
/home/carol/shared/rna-cnn/dataset-antigo/originais/ameloblastoma/13AA060.png,ameloblastoma,13AA060.png,284,408,284x408
/home/carol/shared/rna-cnn/dataset-antigo/originais/ameloblastoma/14AA002.png,ameloblastoma,14AA002.png,128,114,128x114
/home/carol/shared/rna-cnn/dataset-antigo/originais/ameloblastoma/13AA073.png,ameloblastoma,13AA073.png,294,434,294x434
/home/carol/shared/rna-cnn/dataset-antigo/originais/ameloblastoma/13AA025.png,ameloblastoma,13AA025.png,136,160,136x160
/home/carol/shared/rna-cnn/dataset-antigo/originais/ameloblastoma/22AA021.png,ameloblastoma,22AA021.png,170,198,170x198
/home/carol/shared/rna-cnn/dataset-antigo/originais/ameloblastoma/15AA002.png,ameloblastoma,15AA002.png,134,88,134x88
/home/carol/shared/rna-cnn/dataset-antigo/originais/ameloblastoma/15AA003.png,ameloblastoma,15AA003.png,154,92,154x92
/home/carol/shared/rna-cnn/dataset-antigo/originais/ameloblastoma/14AA012.png,ameloblastoma,14AA012.png,314,230,314x230
/home/carol/shared/rna-cnn/dataset-antigo/originais/ameloblastoma/21AA044.png,ameloblastoma,21AA044.png,342,390,342x390
/home/carol/shared/rna-cnn/dataset-antigo/originais/ameloblastoma/21AA069.png,ameloblastoma,21AA069.png,198,138,198x138
/home/carol/shared/rna-cnn/dataset-antigo/originais/ameloblastoma/13AA100.png,ameloblastoma,13AA100.png,194,268,194x268
/home/carol/shared/rna-cnn/dataset-antigo/originais/ameloblastoma/13AA088.png,ameloblastoma,13AA088.png,230,278,230x278
/home/carol/shared/rna-cnn/dataset-antigo/originais/ameloblastoma/13AA076.png,ameloblastoma,13AA076.png,278,334,278x334
/home/carol/shared/rna-cnn/dataset-antigo/originais/ameloblastoma/14AA013.png,ameloblastoma,14AA013.png,332,230,332x230
/home/carol/shared/rna-cnn/dataset-antigo/originais/ameloblastoma/21AA011.png,ameloblastoma,21AA011.png,234,286,234x286
/home/carol/shared/rna-cnn/dataset-antigo/originais/ameloblastoma/22AA012.png,ameloblastoma,22AA012.png,176,170,176x170
/home/carol/shared/rna-cnn/dataset-antigo/originais/ameloblastoma/13AA010.png,ameloblastoma,13AA010.png,186,244,186x244
/home/carol/shared/rna-cnn/dataset-antigo/originais/ameloblastoma/13AA099.png,ameloblastoma,13AA099.png,194,268,194x268
/home/carol/shared/rna-cnn/dataset-antigo/originais/ameloblastoma/16AA005.png,ameloblastoma,16AA005.png,120,80,120x80
/home/carol/shared/rna-cnn/dataset-antigo/originais/ameloblastoma/13AA008.png,ameloblastoma,13AA008.png,186,244,186x244
/home/carol/shared/rna-cnn/dataset-antigo/originais/ameloblastoma/13AA040.png,ameloblastoma,13AA040.png,178,290,178x290
/home/carol/shared/rna-cnn/dataset-antigo/originais/ameloblastoma/13AA014.png,ameloblastoma,13AA014.png,172,214,172x214
/home/carol/shared/rna-cnn/dataset-antigo/originais/ameloblastoma/13AA004.png,ameloblastoma,13AA004.png,186,244,186x244
/home/carol/shared/rna-cnn/dataset-antigo/originais/ameloblastoma/13AA018.png,ameloblastoma,13AA018.png,156,200,156x200
/home/carol/shared/rna-cnn/dataset-antigo/originais/ameloblastoma/13AA065.png,ameloblastoma,13AA065.png,284,408,284x408
/home/carol/shared/rna-cnn/dataset-antigo/originais/ameloblastoma/21AA061.png,ameloblastoma,21AA061.png,290,280,290x280
/home/carol/shared/rna-cnn/dataset-antigo/originais/ameloblastoma/13AA064.png,ameloblastoma,13AA064.png,284,408,284x408
/home/carol/shared/rna-cnn/dataset-antigo/originais/ameloblastoma/13AA030.png,ameloblastoma,13AA030.png,116,136,116x136
/home/carol/shared/rna-cnn/dataset-antigo/originais/ameloblastoma/20AA021.png,ameloblastoma,20AA021.png,144,180,144x180
/home/carol/shared/rna-cnn/dataset-antigo/originais/ameloblastoma/21AA062.png,ameloblastoma,21AA062.png,290,280,290x280
/home/carol/shared/rna-cnn/dataset-antigo/originais/ameloblastoma/21AA021.png,ameloblastoma,21AA021.png,278,362,278x362
/home/carol/shared/rna-cnn/dataset-antigo/originais/ameloblastoma/13AA077.png,ameloblastoma,13AA077.png,278,334,278x334
/home/carol/shared/rna-cnn/dataset-antigo/originais/ameloblastoma/22AA011.png,ameloblastoma,22AA011.png,176,170,176x170
/home/carol/shared/rna-cnn/dataset-antigo/originais/ameloblastoma/13AA017.png,ameloblastoma,13AA017.png,156,204,156x204
/home/carol/shared/rna-cnn/dataset-antigo/originais/ameloblastoma/14AA029.png,ameloblastoma,14AA029.png,278,260,278x260
/home/carol/shared/rna-cnn/dataset-antigo/originais/ameloblastoma/13AA083.png,ameloblastoma,13AA083.png,268,322,268x322
/home/carol/shared/rna-cnn/dataset-antigo/originais/ameloblastoma/21AA075.png,ameloblastoma,21AA075.png,96,76,96x76
/home/carol/shared/rna-cnn/dataset-antigo/originais/ameloblastoma/15AA005.png,ameloblastoma,15AA005.png,154,92,154x92
/home/carol/shared/rna-cnn/dataset-antigo/originais/ameloblastoma/13AA015.png,ameloblastoma,13AA015.png,172,214,172x214
/home/carol/shared/rna-cnn/dataset-antigo/originais/ameloblastoma/16AA001.png,ameloblastoma,16AA001.png,108,94,108x94
/home/carol/shared/rna-cnn/dataset-antigo/originais/ameloblastoma/14AA019.png,ameloblastoma,14AA019.png,352,270,352x270
/home/carol/shared/rna-cnn/dataset-antigo/originais/ameloblastoma/14AA024.png,ameloblastoma,14AA024.png,362,278,362x278
/home/carol/shared/rna-cnn/dataset-antigo/originais/ameloblastoma/13AA075.png,ameloblastoma,13AA075.png,278,334,278x334
/home/carol/shared/rna-cnn/dataset-antigo/originais/ameloblastoma/13AA037.png,ameloblastoma,13AA037.png,142,224,142x224
/home/carol/shared/rna-cnn/dataset-antigo/originais/ameloblastoma/13AA046.png,ameloblastoma,13AA046.png,214,346,214x346
/home/carol/shared/rna-cnn/dataset-antigo/originais/ameloblastoma/16AA011.png,ameloblastoma,16AA011.png,104,88,104x88
/home/carol/shared/rna-cnn/dataset-antigo/originais/ameloblastoma/13AA063.png,ameloblastoma,13AA063.png,284,408,284x408
/home/carol/shared/rna-cnn/dataset-antigo/originais/ameloblastoma/13AA042.png,ameloblastoma,13AA042.png,192,314,192x314
/home/carol/shared/rna-cnn/dataset-antigo/originais/ameloblastoma/21AA013.png,ameloblastoma,21AA013.png,234,286,234x286
/home/carol/shared/rna-cnn/dataset-antigo/originais/ameloblastoma/13AA041.png,ameloblastoma,13AA041.png,192,314,192x314
/home/carol/shared/rna-cnn/dataset-antigo/originais/ameloblastoma/20AA017.png,ameloblastoma,20AA017.png,154,124,154x124
/home/carol/shared/rna-cnn/dataset-antigo/originais/ameloblastoma/13AA007.png,ameloblastoma,13AA007.png,186,244,186x244
/home/carol/shared/rna-cnn/dataset-antigo/originais/ameloblastoma/13AA061.png,ameloblastoma,13AA061.png,284,408,284x408
/home/carol/shared/rna-cnn/dataset-antigo/originais/ameloblastoma/13AA032.png,ameloblastoma,13AA032.png,88,114,88x114
/home/carol/shared/rna-cnn/dataset-antigo/originais/ameloblastoma/21AA038.png,ameloblastoma,21AA038.png,355,390,355x390
/home/carol/shared/rna-cnn/dataset-antigo/originais/ameloblastoma/14AA028.png,ameloblastoma,14AA028.png,332,270,332x270
/home/carol/shared/rna-cnn/dataset-antigo/originais/ameloblastoma/14AA033.png,ameloblastoma,14AA033.png,220,220,220x220
/home/carol/shared/rna-cnn/dataset-antigo/originais/ameloblastoma/22AA018.png,ameloblastoma,22AA018.png,180,206,180x206
/home/carol/shared/rna-cnn/dataset-antigo/originais/ameloblastoma/21AA048.png,ameloblastoma,21AA048.png,464,404,464x404
/home/carol/shared/rna-cnn/dataset-antigo/originais/ameloblastoma/14AA035.png,ameloblastoma,14AA035.png,174,212,174x212
/home/carol/shared/rna-cnn/dataset-antigo/originais/ameloblastoma/14AA018.png,ameloblastoma,14AA018.png,352,270,352x270
/home/carol/shared/rna-cnn/dataset-antigo/originais/ameloblastoma/21AA052.png,ameloblastoma,21AA052.png,460,376,460x376
/home/carol/shared/rna-cnn/dataset-antigo/originais/ameloblastoma/14AA026.png,ameloblastoma,14AA026.png,362,278,362x278
/home/carol/shared/rna-cnn/dataset-antigo/originais/ameloblastoma/14AA016.png,ameloblastoma,14AA016.png,332,256,332x256
/home/carol/shared/rna-cnn/dataset-antigo/originais/ameloblastoma/22AA023.png,ameloblastoma,22AA023.png,164,198,164x198
/home/carol/shared/rna-cnn/dataset-antigo/originais/ameloblastoma/13AA068.png,ameloblastoma,13AA068.png,284,408,284x408
/home/carol/shared/rna-cnn/dataset-antigo/originais/ameloblastoma/14AA011.png,ameloblastoma,14AA011.png,314,230,314x230
/home/carol/shared/rna-cnn/dataset-antigo/originais/ameloblastoma/13AA028.png,ameloblastoma,13AA028.png,124,160,124x160
/home/carol/shared/rna-cnn/dataset-antigo/originais/ameloblastoma/14AA025.png,ameloblastoma,14AA025.png,362,278,362x278
/home/carol/shared/rna-cnn/dataset-antigo/originais/ameloblastoma/14AA004.png,ameloblastoma,14AA004.png,190,132,190x132
/home/carol/shared/rna-cnn/dataset-antigo/originais/ameloblastoma/22AA001.png,ameloblastoma,22AA001.png,126,98,126x98
/home/carol/shared/rna-cnn/dataset-antigo/originais/ameloblastoma/13AA089.png,ameloblastoma,13AA089.png,230,278,230x278
/home/carol/shared/rna-cnn/dataset-antigo/originais/ameloblastoma/21AA018.png,ameloblastoma,21AA018.png,256,324,256x324
/home/carol/shared/rna-cnn/dataset-antigo/originais/ameloblastoma/21AA002.png,ameloblastoma,21AA002.png,172,174,172x174
/home/carol/shared/rna-cnn/dataset-antigo/originais/ameloblastoma/21AA031.png,ameloblastoma,21AA031.png,348,416,348x416
/home/carol/shared/rna-cnn/dataset-antigo/originais/ameloblastoma/13AA098.png,ameloblastoma,13AA098.png,194,268,194x268
/home/carol/shared/rna-cnn/dataset-antigo/originais/ameloblastoma/21AA058.png,ameloblastoma,21AA058.png,434,346,434x346
/home/carol/shared/rna-cnn/dataset-antigo/originais/ameloblastoma/13AA087.png,ameloblastoma,13AA087.png,230,278,230x278
/home/carol/shared/rna-cnn/dataset-antigo/originais/ameloblastoma/13AA019.png,ameloblastoma,13AA019.png,156,200,156x200
/home/carol/shared/rna-cnn/dataset-antigo/originais/ameloblastoma/13AA009.png,ameloblastoma,13AA009.png,186,244,186x244
/home/carol/shared/rna-cnn/dataset-antigo/originais/ameloblastoma/21AA027.png,ameloblastoma,21AA027.png,302,376,302x376
/home/carol/shared/rna-cnn/dataset-antigo/originais/ameloblastoma/21AA074.png,ameloblastoma,21AA074.png,118,106,118x106
/home/carol/shared/rna-cnn/dataset-antigo/originais/ameloblastoma/21AA022.png,ameloblastoma,21AA022.png,278,362,278x362
/home/carol/shared/rna-cnn/dataset-antigo/originais/ameloblastoma/14AA030.png,ameloblastoma,14AA030.png,278,260,278x260
/home/carol/shared/rna-cnn/dataset-antigo/originais/ameloblastoma/21AA023.png,ameloblastoma,21AA023.png,278,362,278x362
/home/carol/shared/rna-cnn/dataset-antigo/originais/ameloblastoma/13AA045.png,ameloblastoma,13AA045.png,192,314,192x314
/home/carol/shared/rna-cnn/dataset-antigo/originais/ameloblastoma/14AA009.png,ameloblastoma,14AA009.png,296,194,296x194
/home/carol/shared/rna-cnn/dataset-antigo/originais/ameloblastoma/22AA007.png,ameloblastoma,22AA007.png,168,148,168x148
/home/carol/shared/rna-cnn/dataset-antigo/originais/ameloblastoma/21AA014.png,ameloblastoma,21AA014.png,234,286,234x286
/home/carol/shared/rna-cnn/dataset-antigo/originais/ameloblastoma/21AA072.png,ameloblastoma,21AA072.png,158,122,158x122
/home/carol/shared/rna-cnn/dataset-antigo/originais/ameloblastoma/13AA079.png,ameloblastoma,13AA079.png,278,334,278x334
/home/carol/shared/rna-cnn/dataset-antigo/originais/ameloblastoma/20AA022.png,ameloblastoma,20AA022.png,144,180,144x180
/home/carol/shared/rna-cnn/dataset-antigo/originais/ameloblastoma/21AA047.png,ameloblastoma,21AA047.png,464,404,464x404
/home/carol/shared/rna-cnn/dataset-antigo/originais/ameloblastoma/16AA009.png,ameloblastoma,16AA009.png,94,74,94x74
/home/carol/shared/rna-cnn/dataset-antigo/originais/ameloblastoma/14AA020.png,ameloblastoma,14AA020.png,362,278,362x278
/home/carol/shared/rna-cnn/dataset-antigo/originais/ameloblastoma/21AA024.png,ameloblastoma,21AA024.png,278,382,278x382
/home/carol/shared/rna-cnn/dataset-antigo/originais/ameloblastoma/14AA015.png,ameloblastoma,14AA015.png,332,256,332x256
/home/carol/shared/rna-cnn/dataset-antigo/originais/ameloblastoma/13AA057.png,ameloblastoma,13AA057.png,284,408,284x408
/home/carol/shared/rna-cnn/dataset-antigo/originais/ameloblastoma/21AA040.png,ameloblastoma,21AA040.png,342,390,342x390
/home/carol/shared/rna-cnn/dataset-antigo/originais/ameloblastoma/21AA043.png,ameloblastoma,21AA043.png,342,390,342x390
/home/carol/shared/rna-cnn/dataset-antigo/originais/ameloblastoma/20AA011.png,ameloblastoma,20AA011.png,146,200,146x200
/home/carol/shared/rna-cnn/dataset-antigo/originais/ameloblastoma/13AA048.png,ameloblastoma,13AA048.png,232,350,232x350
/home/carol/shared/rna-cnn/dataset-antigo/originais/ameloblastoma/22AA013.png,ameloblastoma,22AA013.png,186,206,186x206
/home/carol/shared/rna-cnn/dataset-antigo/originais/ameloblastoma/13AA020.png,ameloblastoma,13AA020.png,142,170,142x170
/home/carol/shared/rna-cnn/dataset-antigo/originais/ameloblastoma/15AA001.png,ameloblastoma,15AA001.png,134,88,134x88
/home/carol/shared/rna-cnn/dataset-antigo/originais/ameloblastoma/20AA018.png,ameloblastoma,20AA018.png,154,124,154x124
/home/carol/shared/rna-cnn/dataset-antigo/originais/ameloblastoma/20AA004.png,ameloblastoma,20AA004.png,158,206,158x206
/home/carol/shared/rna-cnn/dataset-antigo/originais/ameloblastoma/13AA069.png,ameloblastoma,13AA069.png,284,408,284x408
/home/carol/shared/rna-cnn/dataset-antigo/originais/ameloblastoma/21AA060.png,ameloblastoma,21AA060.png,358,294,358x294
/home/carol/shared/rna-cnn/dataset-antigo/originais/ameloblastoma/22AA006.png,ameloblastoma,22AA006.png,168,148,168x148
/home/carol/shared/rna-cnn/dataset-antigo/originais/ameloblastoma/14AA014.png,ameloblastoma,14AA014.png,332,230,332x230
/home/carol/shared/rna-cnn/dataset-antigo/originais/ameloblastoma/21AA035.png,ameloblastoma,21AA035.png,355,390,355x390
/home/carol/shared/rna-cnn/dataset-antigo/originais/ameloblastoma/13AA005.png,ameloblastoma,13AA005.png,186,244,186x244
/home/carol/shared/rna-cnn/dataset-antigo/originais/ameloblastoma/13AA081.png,ameloblastoma,13AA081.png,268,322,268x322
/home/carol/shared/rna-cnn/dataset-antigo/originais/ameloblastoma/14AA031.png,ameloblastoma,14AA031.png,278,260,278x260
/home/carol/shared/rna-cnn/dataset-antigo/originais/ameloblastoma/20AA010.png,ameloblastoma,20AA010.png,158,206,158x206
/home/carol/shared/rna-cnn/dataset-antigo/originais/ameloblastoma/13AA055.png,ameloblastoma,13AA055.png,284,408,284x408
/home/carol/shared/rna-cnn/dataset-antigo/originais/ameloblastoma/21AA042.png,ameloblastoma,21AA042.png,342,390,342x390
/home/carol/shared/rna-cnn/dataset-antigo/originais/ameloblastoma/13AA062.png,ameloblastoma,13AA062.png,284,408,284x408
/home/carol/shared/rna-cnn/dataset-antigo/originais/ameloblastoma/21AA067.png,ameloblastoma,21AA067.png,206,174,206x174
/home/carol/shared/rna-cnn/dataset-antigo/originais/ameloblastoma/13AA056.png,ameloblastoma,13AA056.png,284,408,284x408
/home/carol/shared/rna-cnn/dataset-antigo/originais/ameloblastoma/16AA006.png,ameloblastoma,16AA006.png,120,80,120x80
/home/carol/shared/rna-cnn/dataset-antigo/originais/ameloblastoma/13AA074.png,ameloblastoma,13AA074.png,294,434,294x434
/home/carol/shared/rna-cnn/dataset-antigo/originais/queratocisto/26QA061.png,queratocisto,26QA061.png,152,230,152x230
/home/carol/shared/rna-cnn/dataset-antigo/originais/queratocisto/26QA042.png,queratocisto,26QA042.png,184,228,184x228
/home/carol/shared/rna-cnn/dataset-antigo/originais/queratocisto/26QA047.png,queratocisto,26QA047.png,209,228,209x228
/home/carol/shared/rna-cnn/dataset-antigo/originais/queratocisto/27QA016.png,queratocisto,27QA016.png,148,163,148x163
/home/carol/shared/rna-cnn/dataset-antigo/originais/queratocisto/27QA010.png,queratocisto,27QA010.png,167,185,167x185
/home/carol/shared/rna-cnn/dataset-antigo/originais/queratocisto/28QA019.png,queratocisto,28QA019.png,452,340,452x340
/home/carol/shared/rna-cnn/dataset-antigo/originais/queratocisto/28QA029.png,queratocisto,28QA029.png,115,98,115x98
/home/carol/shared/rna-cnn/dataset-antigo/originais/queratocisto/24QA030.png,queratocisto,24QA030.png,148,216,148x216
/home/carol/shared/rna-cnn/dataset-antigo/originais/queratocisto/28QA023.png,queratocisto,28QA023.png,452,340,452x340
/home/carol/shared/rna-cnn/dataset-antigo/originais/queratocisto/24QA001.png,queratocisto,24QA001.png,88,127,88x127
/home/carol/shared/rna-cnn/dataset-antigo/originais/queratocisto/26QA028.png,queratocisto,26QA028.png,88,120,88x120
/home/carol/shared/rna-cnn/dataset-antigo/originais/queratocisto/28QA030.png,queratocisto,28QA030.png,425,302,425x302
/home/carol/shared/rna-cnn/dataset-antigo/originais/queratocisto/26QA012.png,queratocisto,26QA012.png,118,195,118x195
/home/carol/shared/rna-cnn/dataset-antigo/originais/queratocisto/26QA046.png,queratocisto,26QA046.png,209,228,209x228
/home/carol/shared/rna-cnn/dataset-antigo/originais/queratocisto/28QA033.png,queratocisto,28QA033.png,420,290,420x290
/home/carol/shared/rna-cnn/dataset-antigo/originais/queratocisto/26QA036.png,queratocisto,26QA036.png,143,183,143x183
/home/carol/shared/rna-cnn/dataset-antigo/originais/queratocisto/28QA006.png,queratocisto,28QA006.png,369,304,369x304
/home/carol/shared/rna-cnn/dataset-antigo/originais/queratocisto/27QA009.png,queratocisto,27QA009.png,166,185,166x185
/home/carol/shared/rna-cnn/dataset-antigo/originais/queratocisto/28QA032.png,queratocisto,28QA032.png,110,98,110x98
/home/carol/shared/rna-cnn/dataset-antigo/originais/queratocisto/24QA054.png,queratocisto,24QA054.png,68,99,68x99
/home/carol/shared/rna-cnn/dataset-antigo/originais/queratocisto/27QA006.png,queratocisto,27QA006.png,161,154,161x154
/home/carol/shared/rna-cnn/dataset-antigo/originais/queratocisto/24QA049.png,queratocisto,24QA049.png,99,129,99x129
/home/carol/shared/rna-cnn/dataset-antigo/originais/queratocisto/24QA051.png,queratocisto,24QA051.png,83,115,83x115
/home/carol/shared/rna-cnn/dataset-antigo/originais/queratocisto/24QA008.png,queratocisto,24QA008.png,100,155,100x155
/home/carol/shared/rna-cnn/dataset-antigo/originais/queratocisto/24QA027.png,queratocisto,24QA027.png,140,228,140x228
/home/carol/shared/rna-cnn/dataset-antigo/originais/queratocisto/26QA059.png,queratocisto,26QA059.png,161,240,161x240
/home/carol/shared/rna-cnn/dataset-antigo/originais/queratocisto/28QA010.png,queratocisto,28QA010.png,392,316,392x316
/home/carol/shared/rna-cnn/dataset-antigo/originais/queratocisto/26QA004.png,queratocisto,26QA004.png,129,218,129x218
/home/carol/shared/rna-cnn/dataset-antigo/originais/queratocisto/28QA015.png,queratocisto,28QA015.png,448,340,448x340
/home/carol/shared/rna-cnn/dataset-antigo/originais/queratocisto/24QA024.png,queratocisto,24QA024.png,165,219,165x219
/home/carol/shared/rna-cnn/dataset-antigo/originais/queratocisto/23QA005.png,queratocisto,23QA005.png,102,94,102x94
/home/carol/shared/rna-cnn/dataset-antigo/originais/queratocisto/26QA019.png,queratocisto,26QA019.png,93,174,93x174
/home/carol/shared/rna-cnn/dataset-antigo/originais/queratocisto/28QA025.png,queratocisto,28QA025.png,452,340,452x340
/home/carol/shared/rna-cnn/dataset-antigo/originais/queratocisto/26QA024.png,queratocisto,26QA024.png,55,75,55x75
/home/carol/shared/rna-cnn/dataset-antigo/originais/queratocisto/25QA003.png,queratocisto,25QA003.png,48,68,48x68
/home/carol/shared/rna-cnn/dataset-antigo/originais/queratocisto/26QA060.png,queratocisto,26QA060.png,161,240,161x240
/home/carol/shared/rna-cnn/dataset-antigo/originais/queratocisto/26QA014.png,queratocisto,26QA014.png,205,273,205x273
/home/carol/shared/rna-cnn/dataset-antigo/originais/queratocisto/23QA016.png,queratocisto,23QA016.png,64,49,64x49
/home/carol/shared/rna-cnn/dataset-antigo/originais/queratocisto/27QA017.png,queratocisto,27QA017.png,127,155,127x155
/home/carol/shared/rna-cnn/dataset-antigo/originais/queratocisto/24QA013.png,queratocisto,24QA013.png,99,149,99x149
/home/carol/shared/rna-cnn/dataset-antigo/originais/queratocisto/28QA021.png,queratocisto,28QA021.png,452,340,452x340
/home/carol/shared/rna-cnn/dataset-antigo/originais/queratocisto/24QA031.png,queratocisto,24QA031.png,148,216,148x216
/home/carol/shared/rna-cnn/dataset-antigo/originais/queratocisto/28QA005.png,queratocisto,28QA005.png,186,264,186x264
/home/carol/shared/rna-cnn/dataset-antigo/originais/queratocisto/28QA044.png,queratocisto,28QA044.png,200,158,200x158
/home/carol/shared/rna-cnn/dataset-antigo/originais/queratocisto/27QA002.png,queratocisto,27QA002.png,103,108,103x108
/home/carol/shared/rna-cnn/dataset-antigo/originais/queratocisto/24QA038.png,queratocisto,24QA038.png,145,197,145x197
/home/carol/shared/rna-cnn/dataset-antigo/originais/queratocisto/27QA013.png,queratocisto,27QA013.png,156,172,156x172
/home/carol/shared/rna-cnn/dataset-antigo/originais/queratocisto/24QA034.png,queratocisto,24QA034.png,148,207,148x207
/home/carol/shared/rna-cnn/dataset-antigo/originais/queratocisto/28QA001.png,queratocisto,28QA001.png,118,152,118x152
/home/carol/shared/rna-cnn/dataset-antigo/originais/queratocisto/26QA044.png,queratocisto,26QA044.png,190,228,190x228
/home/carol/shared/rna-cnn/dataset-antigo/originais/queratocisto/27QA015.png,queratocisto,27QA015.png,145,170,145x170
/home/carol/shared/rna-cnn/dataset-antigo/originais/queratocisto/26QA058.png,queratocisto,26QA058.png,161,240,161x240
/home/carol/shared/rna-cnn/dataset-antigo/originais/queratocisto/23QA014.png,queratocisto,23QA014.png,76,59,76x59
/home/carol/shared/rna-cnn/dataset-antigo/originais/queratocisto/26QA009.png,queratocisto,26QA009.png,118,195,118x195
/home/carol/shared/rna-cnn/dataset-antigo/originais/queratocisto/26QA031.png,queratocisto,26QA031.png,103,144,103x144
/home/carol/shared/rna-cnn/dataset-antigo/originais/queratocisto/26QA053.png,queratocisto,26QA053.png,167,240,167x240
/home/carol/shared/rna-cnn/dataset-antigo/originais/queratocisto/26QA037.png,queratocisto,26QA037.png,150,194,150x194
/home/carol/shared/rna-cnn/dataset-antigo/originais/queratocisto/26QA034.png,queratocisto,26QA034.png,121,157,121x157
/home/carol/shared/rna-cnn/dataset-antigo/originais/queratocisto/24QA010.png,queratocisto,24QA010.png,100,155,100x155
/home/carol/shared/rna-cnn/dataset-antigo/originais/queratocisto/24QA035.png,queratocisto,24QA035.png,148,202,148x202
/home/carol/shared/rna-cnn/dataset-antigo/originais/queratocisto/24QA029.png,queratocisto,24QA029.png,123,157,123x157
/home/carol/shared/rna-cnn/dataset-antigo/originais/queratocisto/23QA002.png,queratocisto,23QA002.png,97,68,97x68
/home/carol/shared/rna-cnn/dataset-antigo/originais/queratocisto/28QA031.png,queratocisto,28QA031.png,110,98,110x98
/home/carol/shared/rna-cnn/dataset-antigo/originais/queratocisto/23QA010.png,queratocisto,23QA010.png,85,74,85x74
/home/carol/shared/rna-cnn/dataset-antigo/originais/queratocisto/26QA002.png,queratocisto,26QA002.png,129,227,129x227
/home/carol/shared/rna-cnn/dataset-antigo/originais/queratocisto/24QA050.png,queratocisto,24QA050.png,96,123,96x123
/home/carol/shared/rna-cnn/dataset-antigo/originais/queratocisto/28QA002.png,queratocisto,28QA002.png,126,156,126x156
/home/carol/shared/rna-cnn/dataset-antigo/originais/queratocisto/24QA019.png,queratocisto,24QA019.png,154,197,154x197
/home/carol/shared/rna-cnn/dataset-antigo/originais/queratocisto/24QA005.png,queratocisto,24QA005.png,99,145,99x145
/home/carol/shared/rna-cnn/dataset-antigo/originais/queratocisto/27QA019.png,queratocisto,27QA019.png,102,125,102x125
/home/carol/shared/rna-cnn/dataset-antigo/originais/queratocisto/24QA056.png,queratocisto,24QA056.png,68,99,68x99
/home/carol/shared/rna-cnn/dataset-antigo/originais/queratocisto/26QA038.png,queratocisto,26QA038.png,168,209,168x209
/home/carol/shared/rna-cnn/dataset-antigo/originais/queratocisto/24QA018.png,queratocisto,24QA018.png,136,174,136x174
/home/carol/shared/rna-cnn/dataset-antigo/originais/queratocisto/28QA017.png,queratocisto,28QA017.png,452,340,452x340
/home/carol/shared/rna-cnn/dataset-antigo/originais/queratocisto/27QA007.png,queratocisto,27QA007.png,161,154,161x154
/home/carol/shared/rna-cnn/dataset-antigo/originais/queratocisto/26QA051.png,queratocisto,26QA051.png,167,240,167x240
/home/carol/shared/rna-cnn/dataset-antigo/originais/queratocisto/24QA026.png,queratocisto,24QA026.png,159,218,159x218
/home/carol/shared/rna-cnn/dataset-antigo/originais/queratocisto/24QA006.png,queratocisto,24QA006.png,100,155,100x155
/home/carol/shared/rna-cnn/dataset-antigo/originais/queratocisto/28QA007.png,queratocisto,28QA007.png,369,304,369x304
/home/carol/shared/rna-cnn/dataset-antigo/originais/queratocisto/27QA003.png,queratocisto,27QA003.png,139,122,139x122
/home/carol/shared/rna-cnn/dataset-antigo/originais/queratocisto/26QA033.png,queratocisto,26QA033.png,107,144,107x144
/home/carol/shared/rna-cnn/dataset-antigo/originais/queratocisto/23QA003.png,queratocisto,23QA003.png,102,94,102x94
/home/carol/shared/rna-cnn/dataset-antigo/originais/queratocisto/28QA027.png,queratocisto,28QA027.png,115,98,115x98
/home/carol/shared/rna-cnn/dataset-antigo/originais/queratocisto/28QA004.png,queratocisto,28QA004.png,148,184,148x184
/home/carol/shared/rna-cnn/dataset-antigo/originais/queratocisto/28QA028.png,queratocisto,28QA028.png,425,302,425x302
/home/carol/shared/rna-cnn/dataset-antigo/originais/queratocisto/28QA035.png,queratocisto,28QA035.png,420,278,420x278
/home/carol/shared/rna-cnn/dataset-antigo/originais/queratocisto/26QA017.png,queratocisto,26QA017.png,96,179,96x179
/home/carol/shared/rna-cnn/dataset-antigo/originais/queratocisto/27QA005.png,queratocisto,27QA005.png,161,144,161x144
/home/carol/shared/rna-cnn/dataset-antigo/originais/queratocisto/24QA036.png,queratocisto,24QA036.png,148,202,148x202
/home/carol/shared/rna-cnn/dataset-antigo/originais/queratocisto/28QA012.png,queratocisto,28QA012.png,448,340,448x340
/home/carol/shared/rna-cnn/dataset-antigo/originais/queratocisto/24QA023.png,queratocisto,24QA023.png,128,161,128x161
/home/carol/shared/rna-cnn/dataset-antigo/originais/queratocisto/26QA022.png,queratocisto,26QA022.png,100,184,100x184
/home/carol/shared/rna-cnn/dataset-antigo/originais/queratocisto/24QA033.png,queratocisto,24QA033.png,148,207,148x207
/home/carol/shared/rna-cnn/dataset-antigo/originais/queratocisto/24QA015.png,queratocisto,24QA015.png,110,166,110x166
/home/carol/shared/rna-cnn/dataset-antigo/originais/queratocisto/26QA025.png,queratocisto,26QA025.png,65,101,65x101
/home/carol/shared/rna-cnn/dataset-antigo/originais/queratocisto/23QA001.png,queratocisto,23QA001.png,98,69,98x69
/home/carol/shared/rna-cnn/dataset-antigo/originais/queratocisto/23QA009.png,queratocisto,23QA009.png,94,77,94x77
/home/carol/shared/rna-cnn/dataset-antigo/originais/queratocisto/28QA011.png,queratocisto,28QA011.png,402,328,402x328
/home/carol/shared/rna-cnn/dataset-antigo/originais/queratocisto/26QA003.png,queratocisto,26QA003.png,129,227,129x227
/home/carol/shared/rna-cnn/dataset-antigo/originais/queratocisto/26QA050.png,queratocisto,26QA050.png,167,240,167x240
/home/carol/shared/rna-cnn/dataset-antigo/originais/queratocisto/26QA027.png,queratocisto,26QA027.png,76,109,76x109
/home/carol/shared/rna-cnn/dataset-antigo/originais/queratocisto/24QA022.png,queratocisto,24QA022.png,128,161,128x161
/home/carol/shared/rna-cnn/dataset-antigo/originais/queratocisto/24QA020.png,queratocisto,24QA020.png,157,215,157x215
/home/carol/shared/rna-cnn/dataset-antigo/originais/queratocisto/26QA007.png,queratocisto,26QA007.png,118,195,118x195
/home/carol/shared/rna-cnn/dataset-antigo/originais/queratocisto/24QA053.png,queratocisto,24QA053.png,74,100,74x100
/home/carol/shared/rna-cnn/dataset-antigo/originais/queratocisto/23QA012.png,queratocisto,23QA012.png,81,70,81x70
/home/carol/shared/rna-cnn/dataset-antigo/originais/queratocisto/28QA038.png,queratocisto,28QA038.png,100,98,100x98
/home/carol/shared/rna-cnn/dataset-antigo/originais/queratocisto/23QA008.png,queratocisto,23QA008.png,102,94,102x94
/home/carol/shared/rna-cnn/dataset-antigo/originais/queratocisto/28QA003.png,queratocisto,28QA003.png,146,170,146x170
/home/carol/shared/rna-cnn/dataset-antigo/originais/queratocisto/24QA003.png,queratocisto,24QA003.png,88,140,88x140
/home/carol/shared/rna-cnn/dataset-antigo/originais/queratocisto/24QA011.png,queratocisto,24QA011.png,100,155,100x155
/home/carol/shared/rna-cnn/dataset-antigo/originais/queratocisto/27QA011.png,queratocisto,27QA011.png,167,185,167x185
/home/carol/shared/rna-cnn/dataset-antigo/originais/queratocisto/26QA026.png,queratocisto,26QA026.png,75,107,75x107
/home/carol/shared/rna-cnn/dataset-antigo/originais/queratocisto/24QA014.png,queratocisto,24QA014.png,99,149,99x149
/home/carol/shared/rna-cnn/dataset-antigo/originais/queratocisto/27QA001.png,queratocisto,27QA001.png,69,74,69x74
/home/carol/shared/rna-cnn/dataset-antigo/originais/queratocisto/24QA017.png,queratocisto,24QA017.png,136,174,136x174
/home/carol/shared/rna-cnn/dataset-antigo/originais/queratocisto/27QA014.png,queratocisto,27QA014.png,146,172,146x172
/home/carol/shared/rna-cnn/dataset-antigo/originais/queratocisto/26QA039.png,queratocisto,26QA039.png,168,209,168x209
/home/carol/shared/rna-cnn/dataset-antigo/originais/queratocisto/26QA016.png,queratocisto,26QA016.png,142,134,142x134
/home/carol/shared/rna-cnn/dataset-antigo/originais/queratocisto/26QA041.png,queratocisto,26QA041.png,184,228,184x228
/home/carol/shared/rna-cnn/dataset-antigo/originais/queratocisto/24QA048.png,queratocisto,24QA048.png,110,138,110x138
/home/carol/shared/rna-cnn/dataset-antigo/originais/queratocisto/28QA008.png,queratocisto,28QA008.png,379,308,379x308
/home/carol/shared/rna-cnn/dataset-antigo/originais/queratocisto/26QA008.png,queratocisto,26QA008.png,117,203,117x203
/home/carol/shared/rna-cnn/dataset-antigo/originais/queratocisto/27QA012.png,queratocisto,27QA012.png,156,172,156x172
/home/carol/shared/rna-cnn/dataset-antigo/originais/queratocisto/26QA032.png,queratocisto,26QA032.png,103,144,103x144
/home/carol/shared/rna-cnn/dataset-antigo/originais/queratocisto/23QA013.png,queratocisto,23QA013.png,80,64,80x64
/home/carol/shared/rna-cnn/dataset-antigo/originais/queratocisto/28QA013.png,queratocisto,28QA013.png,448,340,448x340
/home/carol/shared/rna-cnn/dataset-antigo/originais/queratocisto/26QA005.png,queratocisto,26QA005.png,129,192,129x192
/home/carol/shared/rna-cnn/dataset-antigo/originais/queratocisto/28QA037.png,queratocisto,28QA037.png,400,270,400x270
/home/carol/shared/rna-cnn/dataset-antigo/originais/queratocisto/26QA010.png,queratocisto,26QA010.png,118,195,118x195
/home/carol/shared/rna-cnn/dataset-antigo/originais/queratocisto/28QA026.png,queratocisto,28QA026.png,115,134,115x134
/home/carol/shared/rna-cnn/dataset-antigo/originais/queratocisto/28QA039.png,queratocisto,28QA039.png,396,266,396x266
/home/carol/shared/rna-cnn/dataset-antigo/originais/queratocisto/26QA013.png,queratocisto,26QA013.png,118,190,118x190
/home/carol/shared/rna-cnn/dataset-antigo/originais/queratocisto/26QA055.png,queratocisto,26QA055.png,167,240,167x240
/home/carol/shared/rna-cnn/dataset-antigo/originais/queratocisto/26QA035.png,queratocisto,26QA035.png,143,183,143x183
/home/carol/shared/rna-cnn/dataset-antigo/originais/queratocisto/28QA014.png,queratocisto,28QA014.png,448,340,448x340
/home/carol/shared/rna-cnn/dataset-antigo/originais/queratocisto/26QA021.png,queratocisto,26QA021.png,98,185,98x185
/home/carol/shared/rna-cnn/dataset-antigo/originais/queratocisto/24QA041.png,queratocisto,24QA041.png,141,192,141x192
/home/carol/shared/rna-cnn/dataset-antigo/originais/queratocisto/28QA034.png,queratocisto,28QA034.png,110,98,110x98
/home/carol/shared/rna-cnn/dataset-antigo/originais/queratocisto/24QA016.png,queratocisto,24QA016.png,124,166,124x166
/home/carol/shared/rna-cnn/dataset-antigo/originais/queratocisto/24QA042.png,queratocisto,24QA042.png,141,183,141x183
/home/carol/shared/rna-cnn/dataset-antigo/originais/queratocisto/24QA047.png,queratocisto,24QA047.png,122,162,122x162
/home/carol/shared/rna-cnn/dataset-antigo/originais/queratocisto/24QA044.png,queratocisto,24QA044.png,141,176,141x176
/home/carol/shared/rna-cnn/dataset-antigo/originais/queratocisto/26QA048.png,queratocisto,26QA048.png,209,228,209x228
/home/carol/shared/rna-cnn/dataset-antigo/originais/queratocisto/26QA001.png,queratocisto,26QA001.png,147,230,147x230
/home/carol/shared/rna-cnn/dataset-antigo/originais/queratocisto/28QA043.png,queratocisto,28QA043.png,206,182,206x182
/home/carol/shared/rna-cnn/dataset-antigo/originais/queratocisto/23QA004.png,queratocisto,23QA004.png,102,94,102x94
/home/carol/shared/rna-cnn/dataset-antigo/originais/queratocisto/24QA004.png,queratocisto,24QA004.png,99,145,99x145
/home/carol/shared/rna-cnn/dataset-antigo/originais/queratocisto/26QA054.png,queratocisto,26QA054.png,167,240,167x240
/home/carol/shared/rna-cnn/dataset-antigo/originais/queratocisto/26QA052.png,queratocisto,26QA052.png,167,240,167x240
/home/carol/shared/rna-cnn/dataset-antigo/originais/queratocisto/28QA022.png,queratocisto,28QA022.png,452,340,452x340
/home/carol/shared/rna-cnn/dataset-antigo/originais/queratocisto/28QA042.png,queratocisto,28QA042.png,356,268,356x268
/home/carol/shared/rna-cnn/dataset-antigo/originais/queratocisto/27QA008.png,queratocisto,27QA008.png,167,170,167x170
/home/carol/shared/rna-cnn/dataset-antigo/originais/queratocisto/28QA036.png,queratocisto,28QA036.png,105,98,105x98
/home/carol/shared/rna-cnn/dataset-antigo/originais/queratocisto/26QA020.png,queratocisto,26QA020.png,113,132,113x132
/home/carol/shared/rna-cnn/dataset-antigo/originais/queratocisto/27QA004.png,queratocisto,27QA004.png,139,122,139x122
/home/carol/shared/rna-cnn/dataset-antigo/originais/queratocisto/26QA049.png,queratocisto,26QA049.png,167,240,167x240
/home/carol/shared/rna-cnn/dataset-antigo/originais/queratocisto/27QA018.png,queratocisto,27QA018.png,121,124,121x124
/home/carol/shared/rna-cnn/dataset-antigo/originais/queratocisto/26QA011.png,queratocisto,26QA011.png,118,195,118x195
/home/carol/shared/rna-cnn/dataset-antigo/originais/queratocisto/26QA057.png,queratocisto,26QA057.png,161,240,161x240
/home/carol/shared/rna-cnn/dataset-antigo/originais/queratocisto/28QA040.png,queratocisto,28QA040.png,384,272,384x272
/home/carol/shared/rna-cnn/dataset-antigo/originais/queratocisto/24QA037.png,queratocisto,24QA037.png,148,202,148x202
/home/carol/shared/rna-cnn/dataset-antigo/originais/queratocisto/26QA015.png,queratocisto,26QA015.png,205,273,205x273
/home/carol/shared/rna-cnn/dataset-antigo/originais/queratocisto/24QA012.png,queratocisto,24QA012.png,99,149,99x149
/home/carol/shared/rna-cnn/dataset-antigo/originais/queratocisto/24QA028.png,queratocisto,24QA028.png,132,218,132x218
/home/carol/shared/rna-cnn/dataset-antigo/originais/queratocisto/24QA055.png,queratocisto,24QA055.png,68,99,68x99
/home/carol/shared/rna-cnn/dataset-antigo/originais/queratocisto/26QA029.png,queratocisto,26QA029.png,88,128,88x128
/home/carol/shared/rna-cnn/dataset-antigo/originais/queratocisto/25QA001.png,queratocisto,25QA001.png,95,150,95x150
/home/carol/shared/rna-cnn/dataset-antigo/originais/queratocisto/26QA045.png,queratocisto,26QA045.png,209,228,209x228
/home/carol/shared/rna-cnn/dataset-antigo/originais/queratocisto/23QA007.png,queratocisto,23QA007.png,102,94,102x94
/home/carol/shared/rna-cnn/dataset-antigo/originais/queratocisto/26QA056.png,queratocisto,26QA056.png,161,240,161x240
/home/carol/shared/rna-cnn/dataset-antigo/originais/queratocisto/26QA030.png,queratocisto,26QA030.png,93,135,93x135
/home/carol/shared/rna-cnn/dataset-antigo/originais/queratocisto/24QA002.png,queratocisto,24QA002.png,88,127,88x127
/home/carol/shared/rna-cnn/dataset-antigo/originais/queratocisto/24QA021.png,queratocisto,24QA021.png,137,172,137x172
/home/carol/shared/rna-cnn/dataset-antigo/originais/queratocisto/28QA009.png,queratocisto,28QA009.png,392,316,392x316
/home/carol/shared/rna-cnn/dataset-antigo/originais/queratocisto/24QA007.png,queratocisto,24QA007.png,100,155,100x155
/home/carol/shared/rna-cnn/dataset-antigo/originais/queratocisto/24QA009.png,queratocisto,24QA009.png,100,155,100x155
/home/carol/shared/rna-cnn/dataset-antigo/originais/queratocisto/26QA018.png,queratocisto,26QA018.png,134,134,134x134
/home/carol/shared/rna-cnn/dataset-antigo/originais/queratocisto/23QA006.png,queratocisto,23QA006.png,102,94,102x94
/home/carol/shared/rna-cnn/dataset-antigo/originais/queratocisto/26QA006.png,queratocisto,26QA006.png,118,195,118x195
/home/carol/shared/rna-cnn/dataset-antigo/originais/queratocisto/24QA039.png,queratocisto,24QA039.png,145,197,145x197
/home/carol/shared/rna-cnn/dataset-antigo/originais/queratocisto/24QA052.png,queratocisto,24QA052.png,79,91,79x91
/home/carol/shared/rna-cnn/dataset-antigo/originais/queratocisto/25QA002.png,queratocisto,25QA002.png,73,132,73x132
/home/carol/shared/rna-cnn/dataset-antigo/originais/queratocisto/26QA043.png,queratocisto,26QA043.png,184,228,184x228
/home/carol/shared/rna-cnn/dataset-antigo/originais/queratocisto/23QA015.png,queratocisto,23QA015.png,72,52,72x52
/home/carol/shared/rna-cnn/dataset-antigo/originais/queratocisto/23QA011.png,queratocisto,23QA011.png,85,74,85x74
/home/carol/shared/rna-cnn/dataset-antigo/originais/queratocisto/26QA040.png,queratocisto,26QA040.png,184,228,184x228
/home/carol/shared/rna-cnn/dataset-antigo/originais/queratocisto/26QA023.png,queratocisto,26QA023.png,113,132,113x132
/home/carol/shared/rna-cnn/dataset-antigo/originais/queratocisto/24QA045.png,queratocisto,24QA045.png,129,180,129x180
/home/carol/shared/rna-cnn/dataset-antigo/originais/queratocisto/28QA016.png,queratocisto,28QA016.png,448,340,448x340
/home/carol/shared/rna-cnn/dataset-antigo/originais/queratocisto/24QA025.png,queratocisto,24QA025.png,159,218,159x218
/home/carol/shared/rna-cnn/dataset-antigo/originais/queratocisto/28QA020.png,queratocisto,28QA020.png,452,340,452x340
/home/carol/shared/rna-cnn/dataset-antigo/originais/queratocisto/24QA046.png,queratocisto,24QA046.png,126,172,126x172
/home/carol/shared/rna-cnn/dataset-antigo/originais/queratocisto/28QA018.png,queratocisto,28QA018.png,452,340,452x340
/home/carol/shared/rna-cnn/dataset-antigo/originais/queratocisto/28QA041.png,queratocisto,28QA041.png,371,268,371x268
/home/carol/shared/rna-cnn/dataset-antigo/originais/queratocisto/24QA040.png,queratocisto,24QA040.png,141,192,141x192
/home/carol/shared/rna-cnn/dataset-antigo/originais/queratocisto/28QA024.png,queratocisto,28QA024.png,452,340,452x340
/home/carol/shared/rna-cnn/dataset-antigo/originais/queratocisto/27QA020.png,queratocisto,27QA020.png,90,119,90x119
/home/carol/shared/rna-cnn/dataset-antigo/originais/queratocisto/24QA032.png,queratocisto,24QA032.png,148,216,148x216
/home/carol/shared/rna-cnn/dataset-antigo/originais/queratocisto/24QA043.png,queratocisto,24QA043.png,141,183,141x183
